{
  "T_flange_part": [
    [
      0.99467270006982,
      -0.10276765822375819,
      -0.008064003907426587,
      1.7515560154989587
    ],
    [
      0.10283312498978259,
      0.9946650470250927,
      0.008172675902417274,
      -0.9191889998538039
    ],
    [
      0.007181096061877835,
      -0.008958384328383435,
      0.9999340874325543,
      125.42052618597668
    ],
    [
      0.0,
      0.0,
      0.0,
      1.0
    ]
  ],
  "stift_spitze_welt": [
    617.265,
    12.883,
    315.203
  ],
  "rmse_mm": 0.851,
  "anzahl_punkte": 4,
  "nur_luftlauf": true
}